Sr. No.,LockerNo
1,331
2,344
3,357
4,370
5,383
6,396
7,332
8,345
9,358
10,371
11,384
12,397
13,333
14,346
15,359
16,372
17,385
18,398
19,334
20,347
21,360
22,373
23,386
24,399
25,335
26,348
27,361
28,374
29,387
30,400
31,336
32,349
33,362
34,375
35,388
36,401
37,337
38,350
39,363
40,376
41,389
42,402
43,338
44,351
45,364
46,377
47,390
48,403
49,339
50,352
51,365
52,378
53,391
54,404
55,340
56,353
57,366
58,379
59,392
60,405
